date,date_confidence,level,topic,question,source,has_correction,correction_id
2026-04-29,추정,directive,학습 개시,"/a-company-interview A사 통신장비 사업부와 통신산업에 대한 기반지식을 ""직무면접에서 문과 중에서는 나보다 더 많이, 세세하게 아는 사람 없을 정도로"" 습득하고 싶어 전자기학 기반지식 같이 공부하자",a-company-telecom-chat,0,
2026-04-29,추정,L1,전자기학 기초,나 문과라서 전자기학 아무것도 모름... 맥스웰 방정식만 들어봤어,a-company-telecom-chat,0,
2026-04-29,추정,L2,6G 커버리지 한계,ㅇㅋ 이해했어 6g면 더 빠르지만 멀리 못가는거아니야? 그럼 6g를 구현하려면 기지국을 더 많이 자주 세워야 하는거? 그 한계를 보완한게 A사 통신장비 사업부의 기술일거아냐,a-company-telecom-chat,0,
2026-04-29,추정,directive,학습 진행,우회 1234 차례대로 설명해줘,a-company-telecom-chat,0,
2026-04-29,추정,L1,빔포밍·경쟁사,"빔포밍 자세히 알려줘. 경쟁사인 화웨이, 노키아의 기술력은 어떤데?",a-company-telecom-chat,0,
2026-04-29,추정,L3,기술력 vs 실적 모순,"왜 A사 통신장비 사업부가 그만큼 우수한 연구실적이 있는데도 최근 몇년 실적부진에 시달린 거야? 2015~현재 십년간의 업계동향과 시장, 사업부분석리포트를 작성해줘",a-company-telecom-chat,0,
2026-04-29,추정,directive,학습자료,다음 모듈 m2 학습자료 만들어줘,a-company-telecom-chat,0,
2026-04-29,추정,directive,학습자료,나 이제 [오프라인이라서] 최대한 모듈8까지 싹 학습자료 만들어줘 만들다가 한도 초과되면 가능한 곳까지만 만들어줘,a-company-telecom-chat,0,
2026-04-30,추정,directive,학습자료,잘 봤어 마크다운도 좋은데 html 반응형 웹사이트로도 같은 내용 자료 만들어주면 안돼?,a-company-telecom-chat,0,
2026-04-30,추정,directive,산출물,또 나를 위해 만들어줄 거 없어?,a-company-telecom-chat,0,
2026-04-30,추정,directive,산출물,"(뭐 만들까 선택지에) 면접 당일 치트시트, 경쟁사 배틀카드, 모의면접 시뮬레이터, 자소서↔면접 연결맵, PT면접 트렌드 브리핑 전부 선택",a-company-telecom-chat,0,
2026-04-30,추정,directive,품질 교정,"아 네가 만든 예상질문들 되게 별로다... 예상질문은 네가 준비하지 말고, 모의면접 시뮬레이터에서 질문만 '전형적인 질문'으로 싹 바꿔. 그리고 전자기학 통신산업 백서 v 2.0 만들어줘. 각 섹션 기존내용은 그대로 유지하되 이론이 실제 산업에서 어떻게 연결되는지 바로 볼 수 있게 레이아웃 구성해줘",a-company-telecom-chat,1,T-B01;T-C02
2026-04-30,추정,directive,학습자료,이제 백서 v2.0을 html 반응형 웹페이지로 만들어줘,a-company-telecom-chat,0,
2026-04-30,추정,directive,백서 v1 생성,나 일주일 사용량 70퍼센트나 남았는데 일주일 초기화 2시간 남았어ㅠㅠ 토큰 날리기 아까운데 내가 [자리 비운 동안] 네가 html로 yj 맞춤형 전자기학(통신산업) 백서 만들어줘 소스는 공신력 있는 전자기학 전공지식으로 공대생 학부 교양수준!,a-company-telecom-chat,0,
2026-04-30,추정,L1,vRAN·Open RAN·AI-RAN,"vRAN, oRAN, AIRAN 사업에 대해서 자세히 리서치해줘 일반 5g랑 뭐가 다른지, 기술적 완성도, 원리, 시장수요까지",a-company-telecom-chat,0,
2026-04-30,추정,directive,리서치 방향,"(가장 알고 싶은 것 선택지에) 기술 원리·아키텍처 깊이, 시장 수요·경쟁 구도, A사의 실제 제품·레퍼런스 사례",a-company-telecom-chat,0,
2026-04-30,추정,L1,RAN 정의,AI RAN은 알겠어. 기지국에서 ai가 두뇌가 되어서... 근데 vRAN이랑 open RAN은 잘 모르겠어. RAN이 기지국... 맞지? Router A Network 의 약자인가?... RAN 개념이 아직 제대로 안 잡힌 것 같아,a-company-telecom-chat,1,T-A01;T-A02
2026-04-30,추정,L2,vRAN 원리 추론,VirtualRAN이라서 vRAN이구나? 그럼 간단하지. 물리적인 컴퓨팅 장치를 물리적 장치가 아닌 공중 소프트웨어로 가상화했단 거잖아?... 클라우드 컴퓨팅이랑 비슷한거 맞지? 내가 아는 컴퓨터 지식으로 찍어볼게... bios(펌웨어) 역할을 가상화하는 거야. 그게 vRAN,a-company-telecom-chat,1,T-A03
2026-04-30,추정,L3,vRAN 상용화·deployment 모순,그럼 vRAN은 세계 통신시장 전체에서 얼마나 상용화됐어? 가격적으로 얼마나 비싸? A사 통신장비 사업부의 vRAN 기술력이 높고 기존의 ran보다 설비 유지보수 필요가 별로 없다면 수리기사 불러서 기기 교체할 인력이 필요없겠네. 근데 왜 내가 읽은 칼럼에서 VodafoneThree 대표자는 노키아 에릭슨 계약만 하면서(A사와 계약하던걸 결렬하며) 노키아 에릭슨이 deployment ability 가 안정적이라고 언급한 거야?,a-company-telecom-chat,0,
2026-04-30,추정,directive,면접 전략,B로 갈래 (deployment 약점 면접에서 다루기),a-company-telecom-chat,0,
2026-04-30,추정,directive,면접 전제 교정,그런 압박질문은 안해... 요즘 어떤 세상인데 ㅠㅠ A사는 압박면접 없어 근데 내가 딜리버리하는 말투가 실무자 입장에서 무례하거나 안 좋게 튀면 탈락하겠지 뭐 얼마나 더 인사이트를 제시하느냐는 큰 포인트가 아니야 회사가 바라는 전형적인 면접을 전형적으로 잘 해야 합격해,a-company-telecom-chat,1,T-C01
2026-04-30,추정,directive,면접 연습,B 먼저 해줘 (전형적인 면접 딜리버리 연습),a-company-telecom-chat,0,
2026-08-03,확정,directive,채용전형,"하닉 대대적으로 신입채용 변화 두고 있어! 그거 채용설명회 신청서 쓰고 있는데 비서로서 하닉 채용유형 변화내용 분석하고, 채용설명회 신청서에 영업마케팅(해외영업) 지원자로서 어필할 내용 같이 써줘",cowork-session,0,
2026-08-03,확정,L3,직무 선택,(제안된 지원동기 초안에 대해) 지원동기에 현대경제연구원에서 리서치하며 배운<이걸로 시작하면 얘가 왜 하이닉스 지원하냐 생각들거아냐,cowork-session,1,C02
2026-08-03,확정,directive,학습 방향,이제 네가 나를 도와서 하이닉스의 '반도체산업 및 직무 전문성'을 가질 수 있도록 리서치해야 하지 않을까? 나 26-1학기에 반도체 생산관리 직무 아주잠깐 준비했어서 뭐 hbm이 핫하다 반도체 7대공정이랑 하닉 메모리반도체 업황 이런거 다 알아,cowork-session,0,
2026-08-03,확정,L3,업황,음 근데.... 하이닉스 업황(시장) 조사한것도 더 구체화하면 좋지 않을까?,cowork-session,0,
2026-08-04,확정,directive,학습자료,하이닉스 버전 학습시스템 먼저,cowork-session,0,
2026-08-04,확정,directive,학습자료,"백서 엄청 좋은데, 아이패드로 읽기 편하게 pdf로도 만들어줘 (가나디 v8 레이아웃 지정)",cowork-session,0,
2026-08-04,확정,directive,학습자료,아 그리고 업황 step4를 백서 pdf에 합본해줘,cowork-session,0,
2026-08-04,확정,L3,리서치 방법론,"1번 2번이 좋은 주제야. 근데 너 혼자 다 쓰지 말고, 1차 리서치한 뒤에 리서치현황(원문 인용 병기)을 그대로 보여줘. 너는 큰 그림을 못 그리는 것 같더라. 네가 리서치한 자료를 내가 보면 분명히 좋은 방향성을 잡을 수 있을거야",cowork-session,1,C04
2026-08-04,확정,directive,리서치,아직 못 캔 것 더 리서치,cowork-session,0,
2026-08-04,확정,directive,리서치,아직 못 캔 것 더 리서치 (2회차),cowork-session,0,
2026-08-04,확정,L3,리서치 방법론,음 확실히 veu가 중요한 토픽인 것 같아. 그리고 그냥 하이닉스 이번분기 컨퍼런스콜 전문 확인하는게 빠르지 않을까?,cowork-session,0,
2026-08-04,확정,directive,1차 자료,f-1 나는 볼 수 있는데 ai는 미국정부사이트 액세스가 막히는 것 같은데.... 좀 무식하지만 전체복붙해서 보내줄까?,cowork-session,0,
2026-08-05,확정,L3,공시 분석,"그럼 veu,관세,중국통제 에 대해서 하이닉스 측은 아예 말을 아끼고 있다는 거네? 이게 가장 중요한 단서라고 봐. veu랑 중국 우시다롄 수출통제에 대해서 더 자세히 조사하자",cowork-session,0,
2026-08-05,확정,directive,리포트,"f-1 과 연방관보, 사업보고서 중심으로 하이닉스 반도체를 둘러싼 미중 국제통상 환경을 일목요연하게 정리해줘",cowork-session,0,
2026-08-05,확정,directive,리포트,난 [오프라인일 테니까] 그동안 리포트 써줘,cowork-session,0,
2026-08-05,확정,directive,우선순위,1번 자료 줄게. 1번 3번 2번(재료 쌓아두기 위주) 순서대로 가자,cowork-session,1,B03
2026-08-06,확정,L3,채용제도,아니.... 한사람이 직무 여러개 쓰는건 절대 안되지 sk는 시즌 한번에 한사람이 모든 계열사 모든 직무 통틀어서 하나만 지원할 수 있어,cowork-session,1,C06
2026-08-13,확정,directive,아카이빙,반도체 학습 로그 아카이빙 작업 (T0 특정 / 질문 전수 추출 / 층위 분류 / 오개념 정정 수집),cowork-session,0,
2026-08-04,확정,L1,가격·ASP,"Blended ASP에서 '제품 믹스가 섞인' 평균단가라는데, 제품믹스<이게 뭔 뜻인지? 제품군 말하는거?",ganadi-semicon-chat,1,A01
2026-08-04,확정,L1,가격·ASP,"네 백서에서 자주 나오는 mix, 비트그로스라는 기술용어가 정확히 뭔지",ganadi-semicon-chat,0,
2026-08-04,확정,L2,DRAM 기초,"나노미터 공정에서 10나노대에서 1x 1y 1z 이렇게 세대 세는 것 자체가 기술적으로 더 작게 못 만든다는 거 아니야? 기술적 한계의 브레이크스루를 하닉이 주도하고 있는 거야? 삼전ds는 왜 거기까지 안되는지도 궁금하고, 고종횡비가 해법이라는데 고종횡비를 여태 안 쓴 이유도 있을 것 같아.",ganadi-semicon-chat,1,A02
2026-08-04,확정,directive,학습자료,"네가 채팅으로 답한 내용을 글래스모피즘 디자인의 깔끔한 마인드맵(pdf, 아니면 html도 좋음) 학습자료로 만들어줘",ganadi-semicon-chat,0,
2026-08-13,확정,L3,가격·ASP,(가나디 출제 확인문제 'HBM 비중이 늘었는데도 블렌디드 ASP가 떨어지는 조건은?'에 대한 YJ 답변) ① 레거시가 더 빠르게 증가 ② 전체 단가 하락(원가율상 불가능해 보임) ③ 밀도 저하 — 32GB 램 대신 16GB HBM,ganadi-semicon-chat,1,A03;A04
2026-08-13,확정,directive,측정 프로토콜,앞으로 모든 질문과 대답에 타임스탬프 남겨줘,ganadi-semicon-chat,0,
2026-08-13,확정,directive,측정 프로토콜,시간까지는 안 넣어도 돼 날짜만 제대로 타임스탬프 찍어 (+ 채용설명회 현장 속보 공유 + 아카이빙 프롬프트 개선 요청),ganadi-semicon-chat,0,
2026-08-17,확정,directive,전형 분석,"네가 마지막으로 보냈던 채팅 보내줄게. (…) 일단 공고 오픈은 8월 20일 맞아. 녹취록이 22일이라고 잘못 받아쓴거야. 그리고 QRA 발표가 ai문항 모범답안을 공개한 거라고 했잖아, 이 4단구조를 내 AI포트폴리오에도 활용해서 재정렬(재구성)할 전략적 방안과 제안을 먼저 제안해줘",cowork-session,1,B04
2026-08-17,확정,directive,전형 분석,"음,.... 근데 코딩 들어가기 전에... 채용설명회 분석노트 더 자세하게 만들어줘 지원서의 내 소재 적용전략도 아직 너무 엉성하고, 채용설명회 녹취록을 너한테 통째로 줬는데도 채용프로세스, 하프데이면접, 3대 인재상의 디테일이 다 날라간 것 같아",cowork-session,1,C07
2026-08-17,확정,directive,소재 설계,"(AI의 확인 질문에 대한 회신) 사내학술대회가 극비 내부기술을 다루고 있어서 스탭이어도 아무도 발표장 내부로 못 들어갔어. 사실 사내학술대회는 지원서에서 한문장으로만 짧게 언급해도 충분할 것 같아. / 운영요원으로 발표자랑 좌장, 사내스탭 대상 입장등록 담당했어 / 보안 이유로 절대 지원서에 쓰면 안 됨. 실제로 내가 못 들었기도 하고",cowork-session,1,C08
2026-08-17,확정,L3,소재 설계,학습시스템 백서의 가장 큰 예시로 A사 통신장비 사업부 pt분석을 넣으면 안 되나? 굳이 둘 중 하나만 선택해야 하나?,cowork-session,1,B05
2026-08-17,확정,L3,소재 설계,"3안 좋아. 소재 후보.... 좀 더 문제의식이 날카로우면 좋을 것 같은데. 다른 채팅에서 너랑 하닉 나스닥 f-1 같이 분석해서 하닉 중국 생산설비 3곳 찾고, 리포트 규제가계약을바꾼다 만든 예시 넣는건? 주제는 sk하이닉스의 supply chain (한,미,중 3축) 분석으로 잡는거지",cowork-session,1,A05;B06
2026-08-17,확정,directive,측정 프로토콜,"리포트 v2 갱신하기 전에, 이 대화에서 공부한 것들 log 커밋으로 넣는걸 제일 먼저 해줘",cowork-session,0,
